company_id,year,source_opm,computed_opm,difference,valid
ADANIENSOL,2024-03,30.0,34.38911302462817,4.389113024628173,False
AXISBANK,2013-03,1353.0,30.58161350844278,1322.4183864915572,False
AXISBANK,2014-03,2307.0,31.474168597630626,2275.5258314023695,False
AXISBANK,2015-03,3097.0,31.36221426759492,3065.637785732405,False
AXISBANK,2016-03,3466.0,32.611983995315704,3433.3880160046842,False
AXISBANK,2017-03,-5715.0,53.450675766692115,5768.450675766692,False
AXISBANK,2018-03,-10277.0,63.11708169506335,10340.117081695063,False
AXISBANK,2019-03,-5447.0,49.385298075873855,5496.385298075874,False
AXISBANK,2020-03,-9859.0,55.984673106090845,9914.984673106092,False
AXISBANK,2021-03,-2510.0,50.119976004799035,2560.119976004799,False
AXISBANK,2022-03,3170.0,44.4691808777476,3125.5308191222525,False
AXISBANK,2023-03,13857.0,34.15645108261707,13822.843548917383,False
AXISBANK,2024-03,11952.0,34.69264599658038,11917.30735400342,False
AXISBANK,TTM,9061.0,36.935495901673306,9024.064504098327,False
BAJFINANCE,2015-03,1367.0,32.49258160237389,1334.5074183976262,False
BAJFINANCE,2016-03,1986.0,32.25099328675161,1953.7490067132485,False
BAJFINANCE,2017-03,2867.0,32.59779338014042,2834.4022066198595,False
BAJFINANCE,2018-03,3935.0,32.28463831790366,3902.7153616820965,False
BAJFINANCE,2019-03,6310.0,29.501812084167252,6280.498187915833,False
BAJFINANCE,2020-03,7608.0,34.72738302874043,7573.27261697126,False
BAJFINANCE,2021-03,6314.0,40.63659880778315,6273.363401192217,False
BAJFINANCE,2022-03,9906.0,37.546221674409786,9868.453778325591,False
BAJFINANCE,2023-03,16018.0,30.65127623095313,15987.348723769046,False
BAJFINANCE,2024-03,19987.0,29.285818234737686,19957.714181765263,False
BAJFINANCE,TTM,21417.0,30.416352221455067,21386.583647778545,False
BANKBARODA,2013-03,1006.0,30.047747104988748,975.9522528950113,False
BANKBARODA,2014-03,809.0,29.777821713664338,779.2221782863356,False
BANKBARODA,2015-03,902.0,29.981075364577535,872.0189246354224,False
BANKBARODA,2016-03,-11700.0,55.440075110810284,11755.44007511081,False
BANKBARODA,2017-03,-4372.0,43.28468958694039,4415.284689586941,False
BANKBARODA,2018-03,-9197.0,56.654941809970474,9253.654941809971,False
BANKBARODA,2019-03,-5414.0,48.79408762711223,5462.794087627112,False
BANKBARODA,2020-03,-11728.0,51.439254705621394,11779.439254705621,False
BANKBARODA,2021-03,-6957.0,51.22857065963344,7008.228570659633,False
BANKBARODA,2022-03,-2948.0,51.12488928255093,2999.124889282551,False
BANKBARODA,2023-03,6329.0,40.45480037670762,6288.545199623292,False
BANKBARODA,2024-03,4102.0,37.4889127294537,4064.5110872705463,False
BANKBARODA,TTM,3526.0,37.423475963397344,3488.5765240366027,False
CANBK,2013-03,655.0,21.182858820076316,633.8171411799237,False
CANBK,2014-03,-672.0,24.351781652767247,696.3517816527673,False
CANBK,2015-03,-621.0,23.513569032022456,644.5135690320225,False
CANBK,2016-03,-8008.0,40.38465905220373,8048.3846590522035,False
CANBK,2017-03,-5775.0,37.84885544057698,5812.848855440577,False
CANBK,2018-03,-13350.0,61.874470915467406,13411.874470915467,False
CANBK,2019-03,-11590.0,56.72874392609122,11646.72874392609,False
CANBK,2020-03,-12867.0,53.87769046805603,12920.877690468056,False
CANBK,2021-03,-18367.0,61.82938806883692,18428.829388068836,False
CANBK,2022-03,-13657.0,58.39493584841533,13715.394935848415,False
CANBK,2023-03,-9877.0,49.80147872154625,9926.801478721547,False
CANBK,2024-03,-7745.0,41.753906568101414,7786.753906568101,False
CANBK,TTM,-8985.0,40.22547574376843,9025.225475743768,False
CHOLAFIN,2013-03,472.0,26.770428015564203,445.2295719844358,False
CHOLAFIN,2014-03,578.0,28.42329978652028,549.5767002134797,False
CHOLAFIN,2015-03,696.0,28.559892328398384,667.4401076716016,False
CHOLAFIN,2016-03,899.0,30.042714760322735,868.9572852396773,False
CHOLAFIN,2017-03,1143.0,28.163613123135917,1114.836386876864,False
CHOLAFIN,2018-03,1451.0,26.101816873538407,1424.8981831264616,False
CHOLAFIN,2019-03,1888.0,22.960045019696118,1865.039954980304,False
CHOLAFIN,2020-03,1699.0,27.789256198347108,1671.2107438016528,False
CHOLAFIN,2021-03,2094.0,30.397579046227698,2063.6024209537723,False
CHOLAFIN,2022-03,2924.0,28.83326763894363,2895.1667323610563,False
CHOLAFIN,2023-03,3515.0,28.104625892579943,3486.89537410742,False
CHOLAFIN,2024-03,4548.0,28.10102802275218,4519.898971977248,False
CHOLAFIN,TTM,5175.0,28.673006843836102,5146.326993156164,False
CIPLA,2013-03,2214.0,73.25763981157145,2140.7423601884284,False
CIPLA,2014-03,2147.0,78.89511451882434,2068.1048854811756,False
CIPLA,2015-03,2163.0,80.94314676068753,2082.0568532393127,False
CIPLA,2016-03,2480.0,82.01595358955765,2397.9840464104423,False
CIPLA,2017-03,2496.0,82.65944143393081,2413.3405585660694,False
CIPLA,2018-03,2826.0,81.3473211929269,2744.6526788070732,False
CIPLA,2019-03,3097.0,81.07199608849774,3015.9280039115024,False
CIPLA,2020-03,3206.0,81.28648143824422,3124.713518561756,False
CIPLA,2021-03,4252.0,77.80271398747391,4174.197286012526,False
CIPLA,2022-03,4553.0,79.08376602490466,4473.916233975096,False
CIPLA,2023-03,5027.0,77.90621017008746,4949.093789829913,False
CIPLA,2024-03,6291.0,75.59168153953597,6215.408318460464,False
CIPLA,TTM,6906.0,74.40421037026054,6831.59578962974,False
COALINDIA,2013-03,18087.0,73.51946473800565,18013.480535261995,False
COALINDIA,2014-03,17766.0,74.83854520734195,17691.16145479266,False
COALINDIA,2015-03,17343.0,76.60145709660011,17266.3985429034,False
COALINDIA,2016-03,18714.0,75.96486045645446,18638.035139543546,False
COALINDIA,2017-03,12448.0,84.0745100046057,12363.925489995394,False
COALINDIA,2018-03,9288.0,89.10421847871991,9198.89578152128,False
COALINDIA,2019-03,25007.0,74.88904062820076,24932.1109593718,False
COALINDIA,2020-03,21581.0,77.53955037468776,21503.460449625312,False
COALINDIA,2021-03,18628.0,79.3081998533757,18548.691800146626,False
COALINDIA,2022-03,24721.0,77.46889668687052,24643.53110331313,False
COALINDIA,2023-03,44232.0,68.00624945751237,44163.99375054249,False
COALINDIA,2024-03,47971.0,66.29380849329698,47904.7061915067,False
COALINDIA,TTM,46610.0,66.78424833247819,46543.21575166752,False
HDFCBANK,2013-03,3534.0,35.22210758205293,3498.777892417947,False
HDFCBANK,2014-03,5602.0,31.742450945834804,5570.257549054165,False
HDFCBANK,2015-03,7214.0,31.903051355938892,7182.096948644061,False
HDFCBANK,2016-03,9037.0,31.751686140400874,9005.2483138596,False
HDFCBANK,2017-03,11374.0,32.558583887213224,11341.441416112786,False
HDFCBANK,2018-03,13374.0,34.62620767282619,13339.373792327175,False
HDFCBANK,2019-03,16592.0,33.145367579235646,16558.854632420764,False
HDFCBANK,2020-03,14593.0,37.203839952859916,14555.79616004714,False
HDFCBANK,2021-03,16848.0,40.80605513722074,16807.193944862778,False
HDFCBANK,2022-03,20795.0,41.60560852165725,20753.39439147834,False
HDFCBANK,2023-03,29932.0,36.91977933167012,29895.08022066833,False
HDFCBANK,2024-03,-44685.0,61.41252040373843,44746.41252040374,False
HDFCBANK,TTM,-57587.0,62.61253046908717,57649.61253046909,False
HDFCLIFE,2013-03,525.0,96.26600284495022,428.7339971550498,False
HDFCLIFE,2014-03,605.0,96.47559128509845,508.52440871490154,False
HDFCLIFE,2015-03,874.0,96.78853573397024,777.2114642660298,False
HDFCLIFE,2016-03,953.0,94.74119398048619,858.2588060195138,False
HDFCLIFE,2017-03,972.0,96.82513786014944,875.1748621398506,False
HDFCLIFE,2018-03,1074.0,96.67079975201489,977.3292002479851,False
HDFCLIFE,2019-03,1215.0,96.87298931926392,1118.127010680736,False
HDFCLIFE,2020-03,1141.0,96.11640571817563,1044.8835942818243,False
HDFCLIFE,2021-03,1235.0,98.27480147634493,1136.725198523655,False
HDFCLIFE,2022-03,778.0,98.84098560915294,679.159014390847,False
HDFCLIFE,2023-03,80.0,99.88605124845101,19.88605124845101,False
HDFCLIFE,2024-03,531.0,99.47675449833469,431.5232455016653,False
HDFCLIFE,TTM,725.0,99.28154646131861,625.7184535386814,False
HEROMOTOCO,2014-03,3553.0,85.94263105835806,3467.057368941642,False
HEROMOTOCO,2015-03,3520.0,87.21766286585809,3432.782337134142,False
HEROMOTOCO,2016-03,4424.0,84.45373721755631,4339.546262782444,False
HEROMOTOCO,2017-03,4585.0,83.9741349178609,4501.025865082139,False
HEROMOTOCO,2018-03,5334.0,83.56645511122065,5250.43354488878,False
HEROMOTOCO,2019-03,5025.0,85.2079715051073,4939.792028494892,False
HEROMOTOCO,2020-03,4070.0,86.0873726669857,3983.9126273330144,False
HEROMOTOCO,2021-03,4058.0,86.89557156238897,3971.104428437611,False
HEROMOTOCO,2022-03,3256.0,88.98176034651958,3167.0182396534806,False
HEROMOTOCO,2023-03,4099.0,88.00281046899701,4010.997189531003,False
HEROMOTOCO,2024-03,5235.0,86.14676228532112,5148.8532377146785,False
HEROMOTOCO,TTM,5561.0,86.13147787919597,5474.868522120804,False
HINDALCO,2013-03,7699.0,90.39941141994937,7608.6005885800505,False
HINDALCO,2014-03,8024.0,90.85010547921775,7933.149894520782,False
HINDALCO,2015-03,8844.0,91.51906867022755,8752.480931329772,False
HINDALCO,2016-03,7778.0,92.12426209256877,7685.875737907431,False
HINDALCO,2017-03,12317.0,87.70562165615267,12229.294378343848,False
HINDALCO,2018-03,13695.0,88.1102245991162,13606.889775400883,False
HINDALCO,2019-03,15511.0,88.11800033705627,15422.881999662945,False
HINDALCO,2020-03,14306.0,87.89104821235102,14218.10895178765,False
HINDALCO,2021-03,17559.0,86.69853342221684,17472.301466577785,False
HINDALCO,2022-03,28347.0,85.46747394378112,28261.53252605622,False
HINDALCO,2023-03,22666.0,89.84507307282192,22576.154926927178,False
HINDALCO,2024-03,23872.0,88.94620349876368,23783.053796501237,False
HINDALCO,TTM,27931.0,87.53180547991678,27843.468194520083,False
HINDUNILVR,2013-03,4220.0,84.37268552806991,4135.62731447193,False
HINDUNILVR,2014-03,4759.0,83.72100978312923,4675.278990216871,False
HINDUNILVR,2015-03,5412.0,83.07268860252721,5328.927311397473,False
HINDUNILVR,2016-03,5910.0,81.63797924563475,5828.362020754365,False
HINDUNILVR,2017-03,6328.0,80.91791809902901,6247.082081900971,False
HINDUNILVR,2018-03,7499.0,78.90279926853285,7420.097200731467,False
HINDUNILVR,2019-03,8880.0,77.41032816077335,8802.589671839227,False
HINDUNILVR,2020-03,9861.0,75.21303069150139,9785.7869693085,False
HINDUNILVR,2021-03,11626.0,75.27855745513311,11550.721442544867,False
HINDUNILVR,2022-03,12857.0,75.48526103039318,12781.514738969607,False
HINDUNILVR,2023-03,14147.0,76.64740838560581,14070.352591614394,False
HINDUNILVR,2024-03,14659.0,76.31672482874498,14582.683275171255,False
HINDUNILVR,TTM,14759.0,76.44627439715293,14682.553725602847,False
ICICIBANK,2013-03,-15085.0,70.58928372507519,15155.589283725076,False
ICICIBANK,2014-03,-13084.0,66.39584470179268,13150.395844701792,False
ICICIBANK,2015-03,-16120.0,70.52980132450331,16190.529801324503,False
ICICIBANK,2016-03,-26955.0,88.12358754680069,27043.1235875468,False
ICICIBANK,2017-03,-37737.0,104.76042008532984,37841.76042008533,False
ICICIBANK,2018-03,-44906.0,117.12300119043788,45023.12300119044,False
ICICIBANK,2019-03,-50971.0,116.38326248228724,51087.38326248229,False
ICICIBANK,2020-03,-45190.0,100.6188410580414,45290.61884105804,False
ICICIBANK,2021-03,-44805.0,102.40682794432668,44907.40682794432,False
ICICIBANK,2022-03,-26558.0,84.68770635278334,26642.687706352783,False
ICICIBANK,2023-03,-17341.0,72.57469004765956,17413.57469004766,False
ICICIBANK,2024-03,-14152.0,62.41380175029464,14214.413801750296,False
ICICIBANK,TTM,-31575.0,69.63240303293806,31644.632403032938,False
ICICIGI,2013-03,-178.0,104.46161515453637,282.4616151545364,False
ICICIGI,2014-03,-225.0,105.19301470588236,330.1930147058824,False
ICICIGI,2015-03,-221.0,105.24326877657062,326.24326877657063,False
ICICIGI,2016-03,764.0,87.33631692358695,676.663683076413,False
ICICIGI,2017-03,919.0,87.77925531914894,831.2207446808511,False
ICICIGI,2018-03,-262.0,103.79050925925925,365.79050925925924,False
ICICIGI,2019-03,1669.0,85.04882200125414,1583.9511779987458,False
ICICIGI,2020-03,1772.0,84.61404879742989,1687.3859512025701,False
ICICIGI,2021-03,2072.0,82.97015048104596,1989.029849518954,False
ICICIGI,2022-03,1016.0,93.660302009235,922.339697990765,False
ICICIGI,2023-03,1264.0,92.92906690534795,1171.070933094652,False
ICICIGI,2024-03,2577.0,87.42129155073948,2489.5787084492604,False
ICICIGI,TTM,3363.0,85.5671430410712,3277.432856958929,False
ICICIPRULI,2013-03,745.0,96.27965043695382,648.7203495630462,False
ICICIPRULI,2014-03,1504.0,93.12865497076024,1410.8713450292398,False
ICICIPRULI,2015-03,1655.0,95.1963544538937,1559.8036455461063,False
ICICIPRULI,2016-03,1842.0,91.16984028010936,1750.8301597198906,False
ICICIPRULI,2017-03,1806.0,95.22424370636767,1710.7757562936324,False
ICICIPRULI,2018-03,1771.0,95.44190358467245,1675.5580964153276,False
ICICIPRULI,2019-03,541.0,98.69522224634011,442.3047777536599,False
ICICIPRULI,2020-03,-319.0,101.51724137931035,420.51724137931035,False
ICICIPRULI,2021-03,-390.0,100.46885143420452,490.4688514342045,False
ICICIPRULI,2022-03,-2163.0,103.40444276634572,2266.4044427663457,False
ICICIPRULI,2023-03,-1757.0,103.48072427592219,1860.4807242759223,False
ICICIPRULI,2024-03,-1829.0,102.02531365231931,1931.0253136523193,False
ICICIPRULI,TTM,321.0,99.5861908936214,221.4138091063786,False
INDUSINDBK,2013-03,286.0,27.881999140770443,258.11800085922954,False
INDUSINDBK,2014-03,335.0,30.95468863581294,304.04531136418706,False
INDUSINDBK,2015-03,288.0,32.32562938505985,255.67437061494016,False
INDUSINDBK,2016-03,329.0,35.27628032345013,293.7237196765499,False
INDUSINDBK,2017-03,379.0,39.455782312925166,339.5442176870748,False
INDUSINDBK,2018-03,942.0,37.931832648573575,904.0681673514264,False
INDUSINDBK,2019-03,-437.0,41.70073222227214,478.7007322222721,False
INDUSINDBK,2020-03,-553.0,43.81405690859187,596.8140569085919,False
INDUSINDBK,2021-03,-2469.0,55.16206896551724,2524.1620689655174,False
INDUSINDBK,2022-03,-839.0,51.39186295503212,890.3918629550321,False
INDUSINDBK,2023-03,2067.0,42.68862736471624,2024.3113726352838,False
INDUSINDBK,2024-03,2978.0,38.55469091544986,2939.44530908455,False
INDUSINDBK,TTM,1323.0,41.02522243082197,1281.974777569178,False
JIOFIN,2023-03,88.0,86.66666666666667,1.3333333333333286,False
KOTAKBANK,2013-03,-1789.0,60.92452482007751,1849.9245248200775,False
KOTAKBANK,2014-03,-1379.0,58.84365092608043,1437.8436509260805,False
KOTAKBANK,2015-03,-3366.0,72.96343569337037,3438.9634356933702,False
KOTAKBANK,2016-03,-2263.0,56.567983531026364,2319.5679835310266,False
KOTAKBANK,2017-03,-3965.0,66.439706145852,4031.439706145852,False
KOTAKBANK,2018-03,-4141.0,66.86960327881899,4207.869603278819,False
KOTAKBANK,2019-03,-5114.0,66.2331132043847,5180.233113204385,False
KOTAKBANK,2020-03,-5005.0,67.44936368524826,5072.4493636852485,False
KOTAKBANK,2021-03,-9958.0,90.83485679463742,10048.834856794638,False
KOTAKBANK,2022-03,-8512.0,90.98426246999199,8602.984262469992,False
KOTAKBANK,2023-03,-5746.0,79.44058266707789,5825.440582667078,False
KOTAKBANK,2024-03,-13382.0,83.66733645109092,13465.667336451092,False
KOTAKBANK,TTM,-14146.0,79.42172888077062,14225.42172888077,False
SUNPHARMA,2024-03,28.0,26.84289749881436,1.1571025011856406,False
INDIGO,2013-03,855.0,90.7095512332935,764.2904487667065,False
INDIGO,2014-03,433.0,96.10506431591257,336.89493568408744,False
INDIGO,2015-03,1904.0,86.33393177737881,1817.666068222621,False
INDIGO,2016-03,3164.0,80.39653035935564,3083.6034696406446,False
INDIGO,2017-03,2219.0,88.06243272335846,2130.9375672766414,False
INDIGO,2018-03,3030.0,86.8381043395161,2943.161895660484,False
INDIGO,2019-03,-151.0,100.52988033828123,251.52988033828123,False
INDIGO,2020-03,4069.0,88.62009173285603,3980.379908267144,False
INDIGO,2021-03,2.0,99.97950959633904,97.97950959633904,False
INDIGO,2022-03,558.0,97.84813543635032,460.15186456364967,False
INDIGO,2023-03,6521.0,88.02483194357713,6432.975168056423,False
INDIGO,2024-03,16331.0,76.29890862649484,16254.701091373505,False
INDIGO,TTM,15908.0,79.1987028610283,15828.801297138973,False
